Autor_in	GND-Nummer	Bevorzugter Name	Geburtsdatum	Sterbedatum	Geschlecht	Lebensdaten
Harsdörffer, Georg Philipp	118546139	Harsdörffer, Georg Philipp	1607-11-01	1658-09-17	Männlich	(1607–1658)
Meysenbug, Malwida von	118582054	Meysenbug, Malwida von	1816-10-28	1903-04-26	Weiblich	(1816–1903)
Lyncker, Karl	139259066	Lyncker, Karl	1823-02-24	1855-05-20	Männlich	(1823–1855)
Hamann, Johann Georg	11854523X	Hamann, Johann Georg	1730-08-27	1788-06-21	Männlich	(1730–1788)
Günther, Johann Christian	11854327X	Günther, Johann Christian	1695-04-08	1723-03-15	Männlich	(1695–1723)
Heine, Heinrich	118548018	Heine, Heinrich	1797-12-13	1856-02-17	Männlich	(1797–1856)
Löns, Hermann	118573853	Löns, Hermann	1866-09-29	1914-09-26	Männlich	(1866–1914)
Hayneccius, Martin	121178609	Hayneccius, Martin	1544	1611	Männlich	(1545–1611)
Goeckingk, Leopold Friedrich Günther von	118540084	Goeckingk, Leopold Friedrich Günther von	1748-07-13	1828-02-18	Männlich	(1748–1828)
Birch-Pfeiffer, Charlotte	118658875	Birch-Pfeiffer, Charlotte	1800-06-23	1868-08-25	Weiblich	(1800–1868)
May, Karl	118818651	May, Karl	1842-02-25	1912-03-30	Männlich	(1842–1912)
Boccaccio, Giovanni	11851217X	Boccaccio, Giovanni	1313-06-16	1375-12-21	Männlich	(1313–1375)
Altenberg, Peter	118502255	Altenberg, Peter	1859-03-09	1919-01-08	Männlich	(1859–1919)
Coleridge, Samuel Taylor	118521500	Coleridge, Samuel Taylor	1772-10-21	1834-07-25	Männlich	(1772–1834)
Keats, John	118560883	Keats, John	1795	1821	Männlich	(1795–1821)
Schmidt, Johann Georg	104278218	Schmidt, Johann Georg	1660-04	1722-03-10	Unbekannt	(1660–1722)
Frapan, Ilse	1063133041	Frapan, Ilse	1849-02-03	1908-12-02	Weiblich	(1849–1908)
Besser, Johann von	11851024X	Besser, Johann von	1654-05-08	1729-02-10	Männlich	(1654–1729)
Aristophanes	118503987	Aristophanes	-0445	-0385	Männlich	(um 445 – um 385 v. Chr.)
Waiblinger, Wilhelm	11862850X	Waiblinger, Wilhelm	1804-11-21	1830-01-17	Männlich	(1804–1830)
Scheerbart, Paul	118606816	Scheerbart, Paul	1863-01-08	1915-10-15	Männlich	(1863–1915)
Christ, Lena	118520555	Christ, Lena	1881-10-30	1920-06-30	Weiblich	(1881–1920)
Stifter, Adalbert	118618156	Stifter, Adalbert	1805-10-23	1868-01-28	Männlich	(1805–1868)
Hilscher, Paul Christian	120295997	Hilscher, Paul Christian	1666-03-11	1730-08-03	Männlich	(1666–1730)
Gemmingen, Otto H. von	118716778	Gemmingen, Otto H. von	1755-11-05	1836-03-03	Männlich	(1755–1836)
Meinhold, Wilhelm	118732692	Meinhold, Wilhelm	1797-02-27	1851-11-30	Männlich	(1797–1851)
La Fontaine, Jean de	11856868X	La Fontaine, Jean de	1621-07-08	1695-04-13	Männlich	(1621–1695)
Timlich, Karl	124517323	Timlich, Karl	1744	1825-02-01	Männlich	(1748–1825)
Tasso, Torquato	118620916	Tasso, Torquato	1544-03-11	1595-04-25	Männlich	(1544–1595)
Müller-Jahnke, Clara	117598127	Müller-Jahnke, Clara	1861-02-05	1905-11-04	Weiblich	(1860–1905)
Wienbarg, Ludolf	118807226	Wienbarg, Ludolf	1802-12-25	1872-01-02	Männlich	(1802–1872)
Kadelburg, Gustav	116015675	Kadelburg, Gustav	1851-07-26	1925-09-11	Männlich	(1851–1925)
Karsch, Anna Luise	118560328	Karsch, Anna Luise	1722-12-01	1791-10-12	Weiblich	(1722–1791)
Borkenstein, Hinrich	100428428	Borkenstein, Hinrich	1705-10-21	1777-11-29	Männlich	(1705–1777)
Wedekind, Frank	118629867	Wedekind, Frank	1864-07-24	1918-03-09	Männlich	(1864–1918)
Raimund, Ferdinand	118597914	Raimund, Ferdinand	1790-06-01	1836-09-05	Männlich	(1790–1836)
Jacobi, Johann Georg	118775782	Jacobi, Johann Georg	1740-09-02	1814-01-04	Männlich	(1740–1814)
Turgenev, Ivan Sergeevič	118643010	Turgenev, Ivan Sergeevič	1818-11-09	1883-09-03	Männlich	(1818–1883)
Iffland, August Wilhelm	118555324	Iffland, August Wilhelm	1759-04-19	1814-09-22	Männlich	(1759–1814)
Behrens, Georg Henning	129356883	Behrens, Georg Henning	1662-06-05	1712-01-07	Männlich	(1662–1712)
Laufs, Carl	106290916	Laufs, Carl	1858-12-20	1900-08-13	Männlich	(1858–1901)
Heym, Georg	118550683	Heym, Georg	1887-10-30	1912-01-16	Männlich	(1887–1912)
Freytag, Gustav	118535455	Freytag, Gustav	1816-07-13	1895-04-30	Männlich	(1816–1895)
Milton, John	118582607	Milton, John	1608-12-09	1674-11-10	Männlich	(1608–1674)
Wette, Adelheid	119514125	Wette, Adelheid	1858-09-04	1916-08-09	Weiblich	(1858–1916)
Puškin, Aleksandr Sergeevič	118641816	Puškin, Aleksandr Sergeevič	1799-06-06	1837-02-10	Männlich	(1799–1837)
Ramler, Karl Wilhelm	119059614	Ramler, Karl Wilhelm	1725-02-25	1798-04-11	Männlich	(1725–1798)
Harsdörffer, Georg Philipp	118546139	Harsdörffer, Georg Philipp	1607-11-01	1658-09-17	Männlich	(1607–1658)
Meysenbug, Malwida von	118582054	Meysenbug, Malwida von	1816-10-28	1903-04-26	Weiblich	(1816–1903)
Lyncker, Karl	139259066	Lyncker, Karl	1823-02-24	1855-05-20	Männlich	(1823–1855)
Hamann, Johann Georg	11854523X	Hamann, Johann Georg	1730-08-27	1788-06-21	Männlich	(1730–1788)
Günther, Johann Christian	11854327X	Günther, Johann Christian	1695-04-08	1723-03-15	Männlich	(1695–1723)
Heine, Heinrich	118548018	Heine, Heinrich	1797-12-13	1856-02-17	Männlich	(1797–1856)
Löns, Hermann	118573853	Löns, Hermann	1866-09-29	1914-09-26	Männlich	(1866–1914)
Hayneccius, Martin	121178609	Hayneccius, Martin	1544	1611	Männlich	(1545–1611)
Goeckingk, Leopold Friedrich Günther von	118540084	Goeckingk, Leopold Friedrich Günther von	1748-07-13	1828-02-18	Männlich	(1748–1828)
Birch-Pfeiffer, Charlotte	118658875	Birch-Pfeiffer, Charlotte	1800-06-23	1868-08-25	Weiblich	(1800–1868)
May, Karl	118818651	May, Karl	1842-02-25	1912-03-30	Männlich	(1842–1912)
Boccaccio, Giovanni	11851217X	Boccaccio, Giovanni	1313-06-16	1375-12-21	Männlich	(1313–1375)
Altenberg, Peter	118502255	Altenberg, Peter	1859-03-09	1919-01-08	Männlich	(1859–1919)
Coleridge, Samuel Taylor	118521500	Coleridge, Samuel Taylor	1772-10-21	1834-07-25	Männlich	(1772–1834)
Keats, John	118560883	Keats, John	1795	1821	Männlich	(1795–1821)
Schmidt, Johann Georg	104278218	Schmidt, Johann Georg	1660-04	1722-03-10	Unbekannt	(1660–1722)
Frapan, Ilse	1063133041	Frapan, Ilse	1849-02-03	1908-12-02	Weiblich	(1849–1908)
Besser, Johann von	11851024X	Besser, Johann von	1654-05-08	1729-02-10	Männlich	(1654–1729)
Aristophanes	118503987	Aristophanes	-0445	-0385	Männlich	(um 445 – um 385 v. Chr.)
Waiblinger, Wilhelm	11862850X	Waiblinger, Wilhelm	1804-11-21	1830-01-17	Männlich	(1804–1830)
Scheerbart, Paul	118606816	Scheerbart, Paul	1863-01-08	1915-10-15	Männlich	(1863–1915)
Christ, Lena	118520555	Christ, Lena	1881-10-30	1920-06-30	Weiblich	(1881–1920)
Stifter, Adalbert	118618156	Stifter, Adalbert	1805-10-23	1868-01-28	Männlich	(1805–1868)
Hilscher, Paul Christian	120295997	Hilscher, Paul Christian	1666-03-11	1730-08-03	Männlich	(1666–1730)
Gemmingen, Otto H. von	118716778	Gemmingen, Otto H. von	1755-11-05	1836-03-03	Männlich	(1755–1836)
Meinhold, Wilhelm	118732692	Meinhold, Wilhelm	1797-02-27	1851-11-30	Männlich	(1797–1851)
La Fontaine, Jean de	11856868X	La Fontaine, Jean de	1621-07-08	1695-04-13	Männlich	(1621–1695)
Timlich, Karl	124517323	Timlich, Karl	1744	1825-02-01	Männlich	(1748–1825)
Tasso, Torquato	118620916	Tasso, Torquato	1544-03-11	1595-04-25	Männlich	(1544–1595)
Müller-Jahnke, Clara	117598127	Müller-Jahnke, Clara	1861-02-05	1905-11-04	Weiblich	(1860–1905)
Wienbarg, Ludolf	118807226	Wienbarg, Ludolf	1802-12-25	1872-01-02	Männlich	(1802–1872)
Kadelburg, Gustav	116015675	Kadelburg, Gustav	1851-07-26	1925-09-11	Männlich	(1851–1925)
Karsch, Anna Luise	118560328	Karsch, Anna Luise	1722-12-01	1791-10-12	Weiblich	(1722–1791)
Borkenstein, Hinrich	100428428	Borkenstein, Hinrich	1705-10-21	1777-11-29	Männlich	(1705–1777)
Wedekind, Frank	118629867	Wedekind, Frank	1864-07-24	1918-03-09	Männlich	(1864–1918)
Raimund, Ferdinand	118597914	Raimund, Ferdinand	1790-06-01	1836-09-05	Männlich	(1790–1836)
Jacobi, Johann Georg	118775782	Jacobi, Johann Georg	1740-09-02	1814-01-04	Männlich	(1740–1814)
Turgenev, Ivan Sergeevič	118643010	Turgenev, Ivan Sergeevič	1818-11-09	1883-09-03	Männlich	(1818–1883)
Iffland, August Wilhelm	118555324	Iffland, August Wilhelm	1759-04-19	1814-09-22	Männlich	(1759–1814)
Behrens, Georg Henning	129356883	Behrens, Georg Henning	1662-06-05	1712-01-07	Männlich	(1662–1712)
Laufs, Carl	106290916	Laufs, Carl	1858-12-20	1900-08-13	Männlich	(1858–1901)
Heym, Georg	118550683	Heym, Georg	1887-10-30	1912-01-16	Männlich	(1887–1912)
Freytag, Gustav	118535455	Freytag, Gustav	1816-07-13	1895-04-30	Männlich	(1816–1895)
Milton, John	118582607	Milton, John	1608-12-09	1674-11-10	Männlich	(1608–1674)
Wette, Adelheid	119514125	Wette, Adelheid	1858-09-04	1916-08-09	Weiblich	(1858–1916)
Puškin, Aleksandr Sergeevič	118641816	Puškin, Aleksandr Sergeevič	1799-06-06	1837-02-10	Männlich	(1799–1837)
Ramler, Karl Wilhelm	119059614	Ramler, Karl Wilhelm	1725-02-25	1798-04-11	Männlich	(1725–1798)
Morgenstern, Christian	11881169X	Morgenstern, Christian	1871-05-06	1914-03-31	Männlich	(1871–1914)
Essig, Hermann	118531212	Essig, Hermann	1878-08-28	1918-06-21	Männlich	(1878–1918)
Daumer, Georg Friedrich	118678957	Daumer, Georg Friedrich	1800-03-05	1875-12-13	Männlich	(1800–1875)
Francisci, Erasmus	118534629	Francisci, Erasmus	1627-11-19	1694-12-20	Männlich	(1627–1694)
Heinrich Julius, Braunschweig-Wolfenbüttel, Herzog	118709887	Heinrich Julius, Braunschweig-Wolfenbüttel, Herzog	1564-10-15	1613-07-30	Männlich	(1546–1613)
Müller, Wilhelm	11858524X	Müller, Wilhelm	1794-10-07	1827-09-30	Männlich	(1794–1827)
Ǧalāl-ad-Dīn Rūmī	118716158	Ǧalāl-ad-Dīn Rūmī	1207	1273	Männlich	(1207–1273)
Scheffel, Joseph Victor von	118606832	Scheffel, Joseph Victor von	1826-02-16	1886-04-09	Männlich	(1826–1886)
Jerschke, Oskar	117115827	Jerschke, Oskar	1861-07-17	1928-08-24	Männlich	(1861–1928)
Lenau, Nikolaus	118571508	Lenau, Nikolaus	1802-08-13	1850-08-22	Männlich	(1802–1850)
Treitschke, Georg Friedrich	117409030	Treitschke, Georg Friedrich	1776-08-29	1842-06-04	Männlich	(1776–1842)
Boy-Ed, Ida	118662473	Boy-Ed, Ida	1852-04-17	1928-05-13	Weiblich	(1852–1928)
Hensel, Luise	118710524	Hensel, Luise	1798-03-30	1876-12-18	Weiblich	(1798–1876)
Federer, Heinrich	118532200	Federer, Heinrich	1866-10-06	1928-04-29	Männlich	(1866–1928)
Hofmann von Hofmannswaldau, Christian	118706187	Hofmann von Hofmannswaldau, Christian	1617-12-25	1679-04-18	Männlich	(1616–1679)
Bauernfeld, Eduard von	118507400	Bauernfeld, Eduard von	1802-01-13	1890-08-09	Männlich	(1802–1890)
Corneille, Pierre	118522175	Corneille, Pierre	1606-06-06	1684-10-01	Männlich	(1606–1689)
Scribe, Eugène	118612425	Scribe, Eugène	1791-12-24	1861-02-20	Männlich	(1791–1861)
Brinckman, John	118660101	Brinckman, John	1814-07-03	1870-09-20	Männlich	(1814–1870)
Ibsen, Henrik	118555286	Ibsen, Henrik	1828-03-20	1906-05-23	Männlich	(1828–1906)
Scott, Walter	118612409	Scott, Walter	1771-08-15	1832-09-21	Männlich	(1771–1832)
Shakespeare, William	118613723	Shakespeare, William	1564-04-23	1616-04-23	Männlich	(1564–1616)
Verne, Paul	109493850	Verne, Paul	1829-11-29	1897-08-27	Männlich	(1829–1897)
Crébillon, Claude Prosper Jolyot de	118677276	Crébillon, Claude Prosper Jolyot de	1707-02-14	1777-04-12	Männlich	(1707–1777)
Kirchmaier, Theodor	100302696	Kirchmaier, Theodor	1645	1715	Männlich	(1645–1715)
Braun von Braunthal, Karl Johann	116428384	Braun von Braunthal, Karl Johann	1802-06-06	1866-11-26	Männlich	(1802–1866)
Lenz, Jakob Michael Reinhold	118571656	Lenz, Jakob Michael Reinhold	1751-01-12	1792-05-24	Männlich	(1751–1792)
Nicolai, Friedrich	118587668	Nicolai, Friedrich	1733-03-18	1811-01-08	Männlich	(1733–1811)
Schnitzler, Arthur	118609807	Schnitzler, Arthur	1862-05-15	1931-10-21	Männlich	(1862–1931)
Rost, Johann Christoph	118791273	Rost, Johann Christoph	1717-04-07	1765-07-19	Männlich	(1717–1765)
Schröder-Devrient, Wilhelmine	119056569	Schröder-Devrient, Wilhelmine	1804-12-06	1860-01-26	Weiblich	(1804–1860)
Stäudlin, Gotthold Friedrich	117202991	Stäudlin, Gotthold Friedrich	1758-10-15	1796-09-17	Männlich	(1758–1796)
Pyra, Immanuel Jakob	119023776	Pyra, Immanuel Jakob	1715-07-25	1744-07-14	Männlich	(1715–1744)
Novalis	118588893	Novalis	1772-05-02	1801-03-25	Männlich	(1772–1802)
Rebhun, Paul	118819542	Rebhun, Paul	1505	1546	Männlich	(um 1500–1546)
Du Monchaux, Pierre-Antoine-Joseph	100466311	Du Monchaux, Pierre-Antoine-Joseph	1733	1766	Männlich	(1733–1766)
Kaltneker, Hans	11855963X	Kaltneker, Hans	1895-02-02	1919-09-29	Männlich	(1895–1919)
Bäuerle, Adolf	119560038	Bäuerle, Adolf	1786-04-10	1859-09-20	Männlich	(1786–1859)
Ringelnatz, Joachim	118601121	Ringelnatz, Joachim	1883-08-07	1934-11-17	Männlich	(1883–1934)
Fielding, Henry	118532960	Fielding, Henry	1707-04-22	1754-10-08	Männlich	(1707–1754)
Moritz, Karl Philipp	118584162	Moritz, Karl Philipp	1756-09-15	1793-06-26	Männlich	(1756–1793)
Reuter, Fritz	118599976	Reuter, Fritz	1810-11-07	1874-07-12	Männlich	(1810–1874)
Raupach, Ernst Benjamin Salomo	100823548	Raupach, Ernst Benjamin Salomo	1784-05-21	1852-03-18	Männlich	(1784–1852)
Birken, Sigmund von	118511270	Birken, Sigmund von	1626-04-25	1681-06-12	Männlich	(1626–1681)
Laube, Heinrich	118570080	Laube, Heinrich	1806-09-18	1884-08-01	Männlich	(1806–1884)
Fischer, Caroline Auguste	118890263	Fischer, Caroline Auguste	1764	1822	Weiblich	(1764–1842)
Widmann, Georg Rudolf	104164999	Widmann, Georg Rudolf	1550	1594	Männlich	(1560–1600)
Marlowe, Christopher	118578065	Marlowe, Christopher	1564-02-26	1593-05-30	Männlich	(1564–1593)
Schober, Franz von	116849436	Schober, Franz von	1796-05-17	1882-09-13	Männlich	(1798–1882)
Willkomm, Ernst	11739467X	Willkomm, Ernst	1810-02-10	1886-05-24	Männlich	(1810–1886)
Ewald, Johann Joachim	116612665	Ewald, Johann Joachim	1727	1762	Männlich	(1727–1762)
Schröder, Friedrich Ludwig	118610813	Schröder, Friedrich Ludwig	1744-11-03	1816-09-03	Männlich	(1744–1816)
Däubler, Theodor	118850245	Däubler, Theodor	1876-08-17	1934-06-13	Männlich	(1876–1934)
Swift, Jonathan	118620193	Swift, Jonathan	1667-11-30	1745-10-19	Männlich	(1667–1745)
Meisl, Karl	119323915	Meisl, Karl	1775-06-30	1853-10-08	Männlich	(1775–1853)
Rétif de La Bretonne, Nicolas-Edme	11864193X	Rétif de La Bretonne, Nicolas-Edme	1734-10-23	1806-02-03	Männlich	(1734–1806)
Plavius, Johannes	130634417	Plavius, Johannes			Unbekannt	(?–nach 1630)
Genée, Richard	119312212	Genée, Richard	1823-02-07	1895-06-15	Männlich	(1823–1895)
Wenz, Dominicus	1012371786	Wenz, Dominicus	1690	1755	Unbekannt	(1699–1755)
Pfeil, Johann Gottlob Benjamin	115546456	Pfeil, Johann Gottlob Benjamin	1732-11-10	1800-09-28	Unbekannt	(1732–1800)
Leskov, Nikolaj Semënovič	118640488	Leskov, Nikolaj Semënovič	1831-02-16	1895-03-05	Männlich	(1831–1895)
Unger, Friedrike H.	105551130X	Unger, Friedrike H.	1751	1813	Unbekannt	(1751–1813)
Vulpius, Christian August	118770489	Vulpius, Christian August	1762-01-22	1827-06-26	Männlich	(1762–1827)
Saʿdī	118604716	Saʿdī	1210	1291	Unbekannt	(1200–1290)
Egenolff, Christian	122968468	Egenolff, Christian	1502-07-26	1555-02-09	Männlich	(1502–1555)
Mylius, Christlob	11858605X	Mylius, Christlob	1722	1754	Männlich	(1722–1754)
Platen-Hallermunde, August von	1244000264	Platen-Hallermunde, August von	1796-10-24	1835-12-05	Unbekannt	(1796–1835)
Liliencron, Detlev von	118572954	Liliencron, Detlev von	1844-06-03	1909-07-22	Männlich	(1844–1909)
Simrock, Karl	118614576	Simrock, Karl	1802-08-28	1876-07-18	Männlich	(1802–1876)
Ebner-Eschenbach, Marie von	118528661	Ebner-Eschenbach, Marie von	1830-09-13	1916-03-12	Weiblich	geb. Freiin von Dubsky (seit 1843 Gräfin) (1830–1916)
Hölderlin, Friedrich	118551981	Hölderlin, Friedrich	1770-03-20	1843-06-07	Männlich	(1770–1843)
Bräker, Ulrich	118514210	Bräker, Ulrich	1735-12-22	1798-09-11	Männlich	(1735–1798)
Engel, Johann Jakob	11868468X	Engel, Johann Jakob	1741-09-11	1802-06-28	Männlich	(1741–1802)
Ariosto, Ludovico	118503952	Ariosto, Ludovico	1474-09-08	1533-07-06	Männlich	(1474–1533)
Cornelius, Peter	118522213	Cornelius, Peter	1824-12-24	1874-10-26	Männlich	(1824–1874)
Pröhle, Heinrich	116292199	Pröhle, Heinrich	1822-07-04	1895-05-28	Männlich	(1822–1895)
Denis, Michael	116071532	Denis, Michael	1729-09-27	1800-09-29	Männlich	(1729–1800)
Schreger, Odilo	119531682	Schreger, Odilo	1697-11-02	1774-09-21	Männlich	(1697–1774)
Dehmel, Richard	118679236	Dehmel, Richard	1863-11-18	1920-02-08	Männlich	(1863–1920)
Wildermuth, Ottilie	118632833	Wildermuth, Ottilie	1817-02-22	1877-07-12	Weiblich	(1817–1877)
Mitternacht, Johann Sebastian	118582879	Mitternacht, Johann Sebastian	1613-03-30	1679-07-25	Männlich	(1613–1679)
Wagner, Richard	118594117	Wagner, Richard	1813-05-22	1883-02-13	Männlich	(1813–1883)
Abraham, a Sancta Clara	11850021X	Abraham, a Sancta Clara	1644-07-02	1709-12-01	Männlich	(1644–1709)
Löhr, Johann Andreas Christian	117676896	Löhr, Johann Andreas Christian	1764-05-18	1823-06-28	Männlich	(1764–1823)
Tolstoj, Lev Nikolaevič	11864291X	Tolstoj, Lev Nikolaevič	1828-09-09	1910-11-20	Männlich	(1828–1910)
Voß, Johann Heinrich	118627910	Voß, Johann Heinrich	1751-02-20	1826-03-29	Männlich	(1751–1826)
Kleist, Ewald Christian von	118723499	Kleist, Ewald Christian von	1715-03-09	1759-05-24	Männlich	(1715–1759)
Nietzsche, Friedrich	118587943	Nietzsche, Friedrich	1844-10-15	1900-08-25	Männlich	(1844–1900)
Heyse, Paul	118550772	Heyse, Paul	1830-03-15	1914-04-02	Männlich	(1830–1914)
Heinse, Wilhelm	118548565	Heinse, Wilhelm	1746-02-15	1803-06-22	Männlich	(1746–1803)
Bunge, Rudolf	117156302	Bunge, Rudolf	1836-03-27	1907-05-05	Männlich	(1836–1907)
Dovsky, Beatrice	12686022X	Dovsky, Beatrice	1866-11-14	1923-07-18	Weiblich	(1866–1923)
Jacoby, Wilhelm	117049239	Jacoby, Wilhelm	1855-03-08	1925-02-20	Männlich	(1855–1925)
Herder, Johann Gottfried von	118549553	Herder, Johann Gottfried von	1744-08-25	1803-12-18	Männlich	(1744–1803)
Müller, Johann Gottwerth	118585274	Müller, Johann Gottwerth	1743-05-17	1828-06-23	Männlich	(1743–1828)
Ruppius, Otto	116708859	Ruppius, Otto	1819-02-01	1864-06-25	Männlich	(1819–1864)
Malss, Karl	119098911	Malss, Karl	1792	1848	Männlich	(1855–1925)
Meisel-Hess, Grete	119017660	Meisel-Hess, Grete	1879-04-18	1922-04-18	Weiblich	(1879–1922)
Neukirch, Benjamin	118785990	Neukirch, Benjamin	1665-03-27	1729-08-15	Männlich	(1665–1729)
Hebel, Johann Peter	118547453	Hebel, Johann Peter	1760-05-10	1826-09-22	Männlich	(1760–1826)
Gotter, Friedrich Wilhelm	118540939	Gotter, Friedrich Wilhelm	1746-09-03	1797-03-18	Männlich	(1746–1797)
Grillparzer, Franz	118542192	Grillparzer, Franz	1791-01-15	1872-01-21	Männlich	(1791–1872)
Blankenburg, Christian Friedrich von	119025701	Blankenburg, Christian Friedrich von	1744-01-24	1796-05-04	Männlich	(1744–1796)
Wackenroder, Wilhelm Heinrich	118628097	Wackenroder, Wilhelm Heinrich	1773-07-13	1798-02-13	Männlich	(1773–1798)
Panizza, Oskar	118739131	Panizza, Oskar	1853-11-12	1921-09-30	Männlich	(1853–1921)
Gehe, Eduard Heinrich	102522359	Gehe, Eduard Heinrich	1793-02-01	1850-02-13	Männlich	(1793–1850)
Hackländer, Friedrich Wilhelm	118699962	Hackländer, Friedrich Wilhelm	1816-11-01	1877-07-06	Männlich	(1816–1877)
Weerth, Georg	117208612	Weerth, Georg	1822-02-17	1856-07-30	Männlich	(1822–1856)
Waldis, Burkhard	118628666	Waldis, Burkhard	1490	1556	Männlich	(1490/1495–1556)
Hebbel, Friedrich	118547445	Hebbel, Friedrich	1813-03-18	1863-12-13	Männlich	(1813–1863)
Brantôme, Pierre de Bourdeille de	118673327	Brantôme, Pierre de Bourdeille de	1540	1614	Männlich	(1540–1614)
Braun, Lily	11867353X	Braun, Lily	1865-07-02	1916-08-07	Weiblich	(1865–1916)
Sachs, Hans	118604597	Sachs, Hans	1494-11-05	1576-01-19	Männlich	(1494–1576)
Schmid, Ferdinand von	101257228	Schmid, Ferdinand von	1823	1888	Männlich	(1823–1888)
Flaubert, Gustave	118533754	Flaubert, Gustave	1821-12-12	1880-05-08	Männlich	(1821–1880)
Tucholsky, Kurt	11862444X	Tucholsky, Kurt	1890-01-09	1935-12-21	Männlich	(1890–1935)
Boie, Heinrich Christian	118661078	Boie, Heinrich Christian	1744-07-19	1806-03-03	Männlich	(1744–1806)
Kuhn, Adalbert	116601825	Kuhn, Adalbert	1812-11-19	1881-05-05	Männlich	(1812–1881) (1821–1899)
Geßner, Salomon	118538969	Geßner, Salomon	1730-04-01	1788-03-02	Männlich	(1730–1788)
Marcel, Gabriel	116759313	Marcel, Gabriel	1843-04-07	1909-01-26	Männlich	(1843–1909)
Fouqué, Caroline de La Motte-	118692321	Fouqué, Caroline de La Motte-	1775-10-07	1831-07-21	Weiblich	(1775–1831)
Wagner, Heinrich Leopold	11862833X	Wagner, Heinrich Leopold	1747-02-19	1779-03-04	Männlich	(1747–1779)
Bräuner, Johann Jacob	124536557	Bräuner, Johann Jacob	1647		Männlich	(1647–1737)
Gottschalck, Kaspar Friedrich	104217774	Gottschalck, Kaspar Friedrich	1772-07-15	1854-06-17	Männlich	(1772 – nach 1836)
Zinzendorf, Erdmuthe Dorothea von	118808494	Zinzendorf, Erdmuthe Dorothea von	1700-11-07	1756-06-19	Weiblich	(1700–1756)
Weisser, Friedrich Christoph	117301817	Weisser, Friedrich Christoph	1761-03-07	1836-01-09	Männlich	(1761–1836)
Thoma, Ludwig	118622072	Thoma, Ludwig	1867-01-21	1921-08-26	Männlich	(1867–1921)
Ball, Hugo	118506234	Ball, Hugo	1886-02-22	1927-09-14	Männlich	(1886–1927)
Hunold, Christian Friedrich	118554840	Hunold, Christian Friedrich	1681-09-19	1721-08-06	Männlich	(1681–1721)
Wörishöffer, Sophie	105404624	Wörishöffer, Sophie	1838-10-06	1890-11-08	Weiblich	(1838–1890)
Tirso, de Molina	118642863	Tirso, de Molina	1579-03-24	1648-03-12	Männlich	(1571–1648)
Sealsfield, Charles	1070181080	Sealsfield, Charles	1793-03-03	1864-05-26	Männlich	(1793–1864)
Möser, Justus	11858314X	Möser, Justus	1720-12-14	1794-01-08	Männlich	(1720–1794)
Storm, Theodor	118618725	Storm, Theodor	1817-09-14	1888-07-04	Männlich	(1817–1888)
Wolzogen, Karoline von	118771272	Wolzogen, Karoline von	1763-02-03	1847-01-11	Weiblich	(1763–1847)
Wernicke, Christian	118631586	Wernicke, Christian	1661	1725	Männlich	(1661–1725)
Chorier, Nicolas	121323560	Chorier, Nicolas	1612	1692	Unbekannt	(1612–1692)
Busch, Wilhelm	118517880	Busch, Wilhelm	1832-04-15	1908-01-09	Männlich	(1832–1908)
Gloger, Georg	124581145	Gloger, Georg	1603	1631-10-16	Unbekannt	(1603–1631)
Arent, Wilhelm	116199059	Arent, Wilhelm	1864-03-07		Männlich	(1864–?)
Thümmel, Moritz August von	118622358	Thümmel, Moritz August von	1738-05-27	1817-10-26	Männlich	(1738–1817)
Suetonius Tranquillus, Gaius	118619918	Suetonius Tranquillus, Gaius	0070	0150	Männlich	(um 70 n. Chr. – 140)
Bernhardi, Sophie	118973665	Bernhardi, Sophie	1775-02-28	1833-10-12	Weiblich	(1775–1833)
Nestroy, Johann	118587080	Nestroy, Johann	1801-12-07	1862-05-15	Männlich	(1801–1862)
Niebergall, Ernst Elias	118734776	Niebergall, Ernst Elias	1815-01-13	1843-04-19	Männlich	(1815–1843)
Meier, Ernst Heinrich	117551848	Meier, Ernst Heinrich	1813-05-17	1866-03-02	Männlich	(1813–1866)
Bostel, Lucas von	123383927	Bostel, Lucas von	1649-10-11	1716-07-15	Männlich	(1649–1716)
Schulze, Ernst	11899848X	Schulze, Ernst	1789-03-22	1817-06-29	Männlich	(1789–1817)
Stephanie, Gottlieb	119545799	Stephanie, Gottlieb	1741-02-19	1800-01-23	Männlich	(1741–1800)
Devrient, Eduard	118525042	Devrient, Eduard	1801-08-11	1877-10-04	Männlich	(1801–1877)
Stockfleth, Katharina Maria	118010832	Stockfleth, Katharina Maria	1634-12-20	1692-08-19	Weiblich	(1634–1692)
Naubert, Benedikte	118586564	Naubert, Benedikte	1752-09-13	1819-01-12	Weiblich	(1756–1819)
Wilde, Oscar	118632779	Wilde, Oscar	1854-10-16	1900-11-30	Männlich	(1854–1900)
Schottel, Justus Georg	118610554	Schottel, Justus Georg	1612-06-23	1676-10-25	Männlich	(1612–1676)
Ovidius Naso, Publius	118590995	Ovidius Naso, Publius	-0043	0017	Männlich	(20.3.43 v. Chr. – um 18 n. Chr.)
Fischart, Johann	118533185	Fischart, Johann	1546	1590	Männlich	(1546–1590)
Tiedge, Christoph August	118904418	Tiedge, Christoph August	1752-12-14	1841-03-08	Männlich	(1752–1841)
Gryphius, Christian	119209322	Gryphius, Christian	1649-09-29	1706-03-06	Männlich	(1649–1706)
Geibel, Emanuel	11853811X	Geibel, Emanuel	1815-10-17	1884-04-06	Männlich	(1852–1815)
Stolberg-Stolberg, Christian zu	118755544	Stolberg-Stolberg, Christian zu	1748-10-15	1821-01-18	Männlich	(1748–1821)
Arndt, Ernst Moritz	118504118	Arndt, Ernst Moritz	1769-12-26	1860-01-29	Männlich	(1769–1860)
Kaiser, Friedrich	118874748	Kaiser, Friedrich	1814-04-03	1874-11-06	Männlich	(1814–1874)
Haugwitz, August Adolf von	100352952	Haugwitz, August Adolf von	1645	1706	Unbekannt	(1647–1706)
Temme, Jodocus Donatus Hubertus	118801597	Temme, Jodocus Donatus Hubertus	1798-10-22	1881-11-14	Männlich	(1798–1881)
Kempner, Friederike	116127473	Kempner, Friederike	1828-06-25	1904-02-23	Weiblich	(1836–1901)
Schöppner, Alexander	11915403X	Schöppner, Alexander	1820	1860	Männlich	(1820–1860)
Lautensack, Heinrich	118570226	Lautensack, Heinrich	1881-07-15	1919-01-10	Männlich	(1881–1919)
Dostoevskij, Fëdor Michajlovič	118527053	Dostoevskij, Fëdor Michajlovič	1821-11-11	1881-02-09	Männlich	(1821–1881)
Murer, Jos	118585851	Murer, Jos	1530-09-05	1580-10-16	Männlich	(1530–1580)
Sorge, Reinhard Johannes	118798065	Sorge, Reinhard Johannes	1892-01-29	1916-07-20	Männlich	(1892–1916)
Anton Ulrich, Braunschweig-Lüneburg, Herzog	118503472	Anton Ulrich, Braunschweig-Lüneburg, Herzog	1633-10-04	1714-03-27	Männlich	(1633–1714)
Hölmann, Christian	107456354	Hölmann, Christian	1677-12-28	1744-01-28	Männlich	(1677–1744)
Voith, Valentin	130349763	Voith, Valentin	1487	1558	Unbekannt	(1487/88– nach 1558)
Tersteegen, Gerhard	118621378	Tersteegen, Gerhard	1697-11-25	1769-04-03	Männlich	(1697–1769)
Sommer, Emil	117637734	Sommer, Emil	1819	1846	Männlich	(1819–1846)
Müller, Friedrich	118584871	Müller, Friedrich	1749-01-13	1825-04-23	Männlich	(1749–1825)
Dante, Alighieri	118523708	Dante, Alighieri	1265-05	1321-09-14	Männlich	(1256–1321)
Schilling, Gustav	117269891	Schilling, Gustav	1766-11-25	1839-07-30	Männlich	(1766–1839)
Schönthan, Franz von	116889292	Schönthan, Franz von	1849-06-20	1913-12-02	Männlich	(1849–1913) (1853–1905)
Körner, Theodor	118713507	Körner, Theodor	1791-09-23	1813-08-26	Männlich	(1791–1813)
Bodenstedt, Friedrich	118512293	Bodenstedt, Friedrich	1819-04-22	1892-04-18	Männlich	(1819–1892)
Kretschmann, Karl Friedrich	100202640	Kretschmann, Karl Friedrich	1738	1809	Männlich	(1738–1809)
Baggesen, Jens	118505904	Baggesen, Jens	1764-02-15	1826-10-03	Männlich	(1764–1826)
Hoffmann von Fallersleben, August Heinrich	118552589	Hoffmann von Fallersleben, August Heinrich	1798-04-02	1874-01-19	Männlich	(1798–1874)
Schink, Johann Friedrich	118607774	Schink, Johann Friedrich	1755-04-29	1835-02-10	Männlich	(1755–1835)
Stahl, Karoline	1049274032	Stahl, Karoline	1776-11-04	1837-04-01	Weiblich	(1776–1837)
Forster, Georg	118534416	Forster, Georg	1754-11-27	1794-01-10	Männlich	(1754–1794)
Huber, Therese	118883712	Huber, Therese	1764-05-07	1829-06-15	Weiblich	(1764–1829)
Shelley, Percy Bysshe	118613774	Shelley, Percy Bysshe	1792-08-04	1822-07-08	Männlich	(1792–1822)
Lucianus, Samosatensis	118575228	Lucianus, Samosatensis	0120	0180	Männlich	(um 120 – nach 180)
Argens, Jean-Baptiste de Boyer d'	11865005X	Argens, Jean-Baptiste de Boyer d'	1704-06-24	1771-01-11	Männlich	(1704–1771)
Bechstein, Ludwig	118654292	Bechstein, Ludwig	1801-11-24	1860-05-14	Männlich	(1801–1860)
Kurz, Joseph Felix von	118725602	Kurz, Joseph Felix von	1717	1784	Unbekannt	(1717–1784)
Salustius, Hilarius	133296636	Salustius, Hilarius			Unbekannt	
Rollenhagen, Georg	118749544	Rollenhagen, Georg	1542-04-22	1609-05-20	Männlich	(1542–1609)
Prévost d'Exilles, Antoine François	118596462	Prévost d'Exilles, Antoine François	1697-04-01	1763-11-25	Männlich	(1697–1763)
Rubiner, Ludwig	118603590	Rubiner, Ludwig	1881-07-12	1920-02-27	Männlich	(1881–1920)
Wieland, Christoph Martin	118632477	Wieland, Christoph Martin	1733-09-05	1813-01-20	Männlich	(1733–1813)
Lortzing, Albert	118574469	Lortzing, Albert	1801-10-23	1851-01-21	Männlich	(1801–1851)
Lichtenberg, Georg Christoph	118572628	Lichtenberg, Georg Christoph	1742-07-01	1799-02-24	Männlich	(1742–1799)
Hönn, Georg Paul	124256813	Hönn, Georg Paul	1662-06-12	1747-03-21	Männlich	(1662–1747)
Gogolʹ, Nikolaj Vasilʹevič	118540424	Gogolʹ, Nikolaj Vasilʹevič	1809-04-01	1852-03-04	Männlich	(1809–1852)
Bürger, Gottfried August	118517104	Bürger, Gottfried August	1747-12-31	1794-06-08	Männlich	(1747–1794)
Dulk, Albert Friedrich Benno	118869345	Dulk, Albert Friedrich Benno	1819-06-17	1884-10-30	Männlich	(1819–1884)
Felder, Franz Michael	118532367	Felder, Franz Michael	1839-05-13	1869-04-26	Männlich	(1839–1869)
Brentano, Clemens	118515055	Brentano, Clemens	1778-09-09	1842-07-28	Männlich	(1778–1842)
Praetorius, Johannes	11859611X	Praetorius, Johannes	1630-10-22	1680-10-25	Unbekannt	(1630–1680)
Molière	11858331X	Molière	1622-01-15	1673-02-17	Männlich	(1622–1673)
Flex, Walter	118533940	Flex, Walter	1887-07-06	1917-10-16	Männlich	(1887–1917)
Lange, Samuel Gotthold	119023784	Lange, Samuel Gotthold	1711-03-22	1781-06-25	Männlich	(1711–1781)
Ziegler, Christiane Mariane von	121540243	Ziegler, Christiane Mariane von	1695-06-28	1760-05-01	Weiblich	(1695–1760)
Reuter, Christian	118744690	Reuter, Christian	1665	1712	Männlich	(1665–nach 1712)
Fontane, Theodor	118534262	Fontane, Theodor	1819-12-30	1898-09-20	Männlich	(1819–1898)
Murner, Thomas	118585886	Murner, Thomas	1475-12-24	1537-08-23	Männlich	(1475–1537)
Zola, Émile	118637223	Zola, Émile	1840-04-02	1902-09-28	Männlich	(1840–1902)
Klemm, Christian Gottlob	100303935	Klemm, Christian Gottlob	1736-11-11	1802-01-26	Männlich	(1736–1802)
Wassermann, Jakob	118629387	Wassermann, Jakob	1873-03-10	1934-01-01	Männlich	(1873–1934)
Strachwitz, Moritz von	118618814	Strachwitz, Moritz von	1822-03-13	1847-12-11	Männlich	(1822–1847)
Dahn, Felix	118523392	Dahn, Felix	1834-02-09	1912-01-03	Männlich	(1834–1912)
Blumauer, Alois	118511963	Blumauer, Alois	1755-12-21	1798-03-16	Männlich	(1755–1798)
Krüger, Bartholomäus	121284891	Krüger, Bartholomäus			Männlich	(um 1500–1597)
Bussy-Rabutin, Roger de	118675052	Bussy-Rabutin, Roger de	1618	1693	Männlich	(1618–1693)
Meyer, Conrad Ferdinand	118581775	Meyer, Conrad Ferdinand	1825-10-11	1898-11-28	Männlich	(1825–1898)
Marlitt, E.	118731092	Marlitt, E.	1825-12-05	1887-06-22	Weiblich	(1825–1887)
Madách, Imre	118575996	Madách, Imre	1823-01-21	1864-10-05	Männlich	(1823–1864)
Törring, Josef August von	118802399	Törring, Josef August von	1753	1826	Unbekannt	(1753–1826)
Kosegarten, Ludwig Gotthard	11898618X	Kosegarten, Ludwig Gotthard	1758-02-01	1818-10-26	Männlich	(1758–1818)
Walpole, Horace	118628844	Walpole, Horace	1717-09-24	1797-03-02	Männlich	(1717–1797)
Anonym	1117922065	Anonym			Weiblich	
Verne, Jules	118626620	Verne, Jules	1828-02-08	1905-03-24	Männlich	(1828–1905)
Lessing, Gotthold Ephraim	118572121	Lessing, Gotthold Ephraim	1729-01-22	1781-02-15	Männlich	(1729–1781)
Chateaubriand, François-René de	118520237	Chateaubriand, François-René de	1768-09-14	1848-07-05	Männlich	(1768–1848)
Gerhardt, Paul	118538659	Gerhardt, Paul	1607-03-12	1676-05-27	Männlich	(1607–1676)
Bretzner, Christoph Friedrich	115849238	Bretzner, Christoph Friedrich	1746-12-10	1807-08-31	Männlich	(1746–1807)
Meister, Johann Gottlieb	129170453	Meister, Johann Gottlieb	1665	1699	Männlich	(1665–1699)
Rumpel, Johann Heinrich	121526771	Rumpel, Johann Heinrich	1650-03-26	1699-08-28	Unbekannt	(1650–1699)
Pauli, Johannes	172302838	Pauli, Johannes			Unbekannt	(Mitte 15. Jh.–nach 1520)
Hutten, Ulrich von	118555049	Hutten, Ulrich von	1488-04-21	1523-08-29	Männlich	(1488–1523)
Hurtado de Mendoza, Diego	118834347	Hurtado de Mendoza, Diego	1503	1575	Unbekannt	(1503–1575)
Ayrenhoff, Cornelius von	118869647	Ayrenhoff, Cornelius von	1733-05-28	1819-08-15	Unbekannt	(1733–1819)
Grimm, Albert Ludwig	119097850	Grimm, Albert Ludwig	1786-07-19	1872-12-01	Männlich	(1786–1872)
Gleich, Joseph Alois	119559994	Gleich, Joseph Alois	1772-09-14	1841-02-10	Männlich	(1772–1841)
Gellert, Christian Fürchtegott	118538322	Gellert, Christian Fürchtegott	1715-07-04	1769-12-13	Männlich	(1715–1769)
Gerhäuser, Emil	11656640X	Gerhäuser, Emil	1868	1917	Männlich	(1868–1917)
Brandes, Johann Christian	118673165	Brandes, Johann Christian	1735-11-15	1799-11-10	Männlich	(1735–1799)
Bodin, Jean	118512307	Bodin, Jean	1529	1596	Männlich	(1529/30–1596)
Pichler, Caroline	118742361	Pichler, Caroline	1769-09-07	1843-07-09	Weiblich	(1769–1843)
Klabund	118562681	Klabund	1890-11-04	1928-08-14	Männlich	(1890–1928)
Greiffenberg, Catharina Regina von	118541978	Greiffenberg, Catharina Regina von	1633	1694	Weiblich	(1633–1694)
Dusch, Johann Jacob	116257008	Dusch, Johann Jacob	1725-02-12	1787-12-18	Männlich	(1725–1787)
Polenz, Wilhelm von	118803336	Polenz, Wilhelm von	1861-01-14	1903-11-13	Männlich	(1861–1903)
Paoli, Betty	10692981X	Paoli, Betty	1814-12-30	1894-07-05	Weiblich	(1814–1894)
Gottfried, von Straßburg	118540947	Gottfried, von Straßburg		1200	Männlich	(2. Hälfte 12. Jh. – 1. Hälfte 13. Jh.)
Haller, Albrecht von	118545140	Haller, Albrecht von	1708-10-16	1777-12-12	Männlich	(1708–1777)
Graesse, Johann Georg Theodor	104076534	Graesse, Johann Georg Theodor	1814-01-31	1885-08-27	Männlich	(1814–1885)
Quistorp, Theodor Johann	100540856	Quistorp, Theodor Johann	1722-04-11	1776-05-29	Männlich	(1722–1776)
Suttner, Bertha von	118620126	Suttner, Bertha von	1843-06-09	1914-06-21	Weiblich	(1843–1914)
Hesiodus	118550292	Hesiodus			Unbekannt	(7. Jh. v. Chr. – ?)
Birck, Sixt	118859730	Birck, Sixt	1500-02-21	1554-06-19	Männlich	(1501–1554)
Holtei, Karl von	118706640	Holtei, Karl von	1798-01-24	1880-02-12	Männlich	(1798–1880)
Hammer, Matthäus	1089682581	Hammer, Matthäus			Unbekannt	(1600–1665)
Praetorius, Johann Philipp	129863270	Praetorius, Johann Philipp	1696	1766	Unbekannt	(1696–1766)
Engelke, Gerrit	118530356	Engelke, Gerrit	1890-10-31	1918-10-13	Männlich	(1890–1918)
Anacreon	118649035	Anacreon	-0580	-0495	Unbekannt	(um 580 v. Chr. – 495 v. Chr.)
Riehl, Wilhelm Heinrich	118600850	Riehl, Wilhelm Heinrich	1823-05-06	1897-11-16	Männlich	(seit 1883) (1823–1897)
Stendhal	118617648	Stendhal	1783-01-23	1842-03-23	Männlich	(1783–1842)
Balde, Jakob	118506137	Balde, Jakob	1604-01-04	1668-08-09	Unbekannt	(1604–1668)
Twain, Mark	118624822	Twain, Mark	1835-11-30	1910-04-21	Männlich	(1835–1910)
Hamerling, Robert	118701223	Hamerling, Robert	1830-03-24	1889-07-13	Männlich	(1830–1889)
Mereau, Sophie	11858104X	Mereau, Sophie	1770-03-28	1806-10-31	Weiblich	(1770–1806)
Strackerjan, Ludwig	117305553	Strackerjan, Ludwig	1825	1881	Männlich	(1825–1881)
Kobolt, Willibald	100179703	Kobolt, Willibald	1676-04-11	1749-11-06	Unbekannt	(1676–1749)
Schubart, Christian Friedrich Daniel	118610953	Schubart, Christian Friedrich Daniel	1739-03-24	1791-10-10	Männlich	(1739–1791)
Falke, Gustav	118685929	Falke, Gustav	1853-01-11	1916-02-08	Männlich	(1853–1916)
Gleim, Johann Wilhelm Ludwig	118717758	Gleim, Johann Wilhelm Ludwig	1719-04-02	1803-02-18	Männlich	(1719–1803)
Zschokke, Heinrich	118637266	Zschokke, Heinrich	1771-03-22	1848-06-27	Männlich	(1771–1848)
Schack, Adolf Friedrich von	118606042	Schack, Adolf Friedrich von	1815-08-02	1894-04-14	Männlich	(1815–1894)
Scheffner, Johann George	118834134	Scheffner, Johann George	1736	1820	Männlich	(1736–1820)
Bodmer, Johann Jakob	118512315	Bodmer, Johann Jakob	1698-07-19	1783-01-02	Männlich	(1698–1783)
Voß, Julius von	118627929	Voß, Julius von	1768-08-24	1832-11-01	Männlich	(1768–1832)
Conrad, Michael Georg	118669915	Conrad, Michael Georg	1846-04-05	1927-12-20	Männlich	(1846–1927)
Ziegler und Kliphausen, Heinrich Anselm von	118772902	Ziegler und Kliphausen, Heinrich Anselm von	1663-01-06	1697-09-08	Männlich	(1663–1697)
Kleist, Heinrich von	118563076	Kleist, Heinrich von	1777-10-18	1811-11-21	Männlich	(1777–1811)
Weise, Christian	118630369	Weise, Christian	1642-04-30	1708-10-17	Männlich	(1642–1708)
Schambach, Georg	117103314	Schambach, Georg	1811	1879	Männlich	(1811–1879) (1812–1890)
Goedsche, Hermann	1062591763	Goedsche, Hermann	1816-02-12	1878-11-08	Männlich	(1815/1816–1878)
Schlaf, Johannes	118607871	Schlaf, Johannes	1862-06-21	1941-02-01	Männlich	(1862–1941)
Rosegger, Peter	118602667	Rosegger, Peter	1843-07-31	1918-06-26	Männlich	(1843–1918)
Rabelais, François	118597450	Rabelais, François	1483	1553-04-09	Männlich	(1494–1553)
Alexis, Willibald	118648071	Alexis, Willibald	1798-06-29	1871-12-16	Männlich	(1798–1871)
Ertler, Bruno	105488437	Ertler, Bruno	1889-01-29	1927-12-10	Männlich	(1889–1927)
Kind, Johann Friedrich	118885235	Kind, Johann Friedrich	1768-03-04	1843-06-25	Männlich	(1768–1843)
Corvinus, Gottlieb Siegmund	100092438	Corvinus, Gottlieb Siegmund	1677-05-15	1746-01-27	Männlich	(1677–1747)
Spee, Friedrich von	11861598X	Spee, Friedrich von	1591-02-25	1635-08-07	Männlich	(1591–1635)
Schopenhauer, Johanna	118610473	Schopenhauer, Johanna	1766-07-09	1838-04-16	Weiblich	(1766–1838)
Hallmann, Johann Christian	118701142	Hallmann, Johann Christian	1640	1704	Männlich	(um 1640–1704/1716)
Bartsch, Karl	118506943	Bartsch, Karl	1832-02-25	1888-02-19	Männlich	(1832–1888)
Hensler, Karl Friedrich	119267659	Hensler, Karl Friedrich	1759-02-02	1825-11-24	Männlich	(1759–1825)
Dohm, Hedwig	11852643X	Dohm, Hedwig	1833-09-20	1919-06-04	Weiblich	(1831–1919)
Marguerite, von Navarra	119753375	Marguerite, von Navarra			Unbekannt	(1492–1549)
Schenkendorf, Max von	118754599	Schenkendorf, Max von	1783-12-11	1817-12-11	Männlich	(1783–1817)
Reinick, Robert	116427620	Reinick, Robert	1805-02-22	1852-02-07	Männlich	(1805–1852)
Henckell, Karl	118835289	Henckell, Karl	1864-04-17	1929-07-30	Männlich	(1864–1929)
Lehnert, Johann Heinrich	141892382	Lehnert, Johann Heinrich	1792-08-01	1848-11-15	Männlich	(1792–1848)
Haffner, Karl	120430231	Haffner, Karl	1804-11-08	1876-02-29	Männlich	(1804–1876)
Breuning, Stephan von	1019498358	Breuning, Stephan von	1774-08-17	1827-06-04	Männlich	(1774–1827)
Sacher-Masoch, Leopold von	118604570	Sacher-Masoch, Leopold von	1836-01-27	1895-03-09	Männlich	(1836–1895)
Dingelstedt, Franz von	118525751	Dingelstedt, Franz von	1814-06-30	1881-05-15	Männlich	(1814–1881)
Tennyson, Alfred	118621327	Tennyson, Alfred	1809-08-06	1892-10-06	Männlich	(1809–1892)
Franzos, Karl Emil	118702599	Franzos, Karl Emil	1848-10-25	1904-01-28	Männlich	(1848–1904)
Widmann, Joseph Viktor	118632302	Widmann, Joseph Viktor	1842-02-20	1911-11-06	Männlich	(1842–1911)
Baudelaire, Charles	118507184	Baudelaire, Charles	1821-04-09	1867-08-31	Männlich	(1821–1867)
Strindberg, August	118619314	Strindberg, August	1849-01-22	1912-05-14	Männlich	(1849–1912)
Boldt, Paul	118661175	Boldt, Paul	1885-12-31	1921-03-16	Männlich	(1885–1921)
Bessmertny, Alexander	116154977	Bessmertny, Alexander	1888-03-20	1943-08-22	Männlich	(1888–1943)
Gengenbach, Pamphilus	11853842X	Gengenbach, Pamphilus	1480	1525	Männlich	(um 1480 – 1524)
Keyserling, Eduard von	118561812	Keyserling, Eduard von	1855-05-14	1918-09-28	Männlich	(1855–1918)
Breitinger, Johann Jakob	118514881	Breitinger, Johann Jakob	1701	1774-12-13	Männlich	(1701–1776)
Görres, Joseph von	11854019X	Görres, Joseph von	1776-01-25	1848-01-29	Männlich	(1776–1848)
Lassalle, Ferdinand	118569910	Lassalle, Ferdinand	1825-04-11	1864-08-31	Männlich	(1825–1864)
Diderot, Denis	118525263	Diderot, Denis	1713-10-05	1784-07-31	Männlich	(1713–1784)
Ehrmann, Marianne	11937160X	Ehrmann, Marianne	1755-11-25	1795-08-14	Weiblich	(1755–1795)
Petronius, Arbiter	118593293	Petronius, Arbiter		0066	Männlich	(? – 66 n. Chr.)
Goethe, Johann Wolfgang von	118540238	Goethe, Johann Wolfgang von	1749-08-28	1832-03-22	Männlich	(1749–1832)
Fock, Gorch	118691988	Fock, Gorch	1880-08-22	1916-05-31	Männlich	(1880–1916)
Einsiedel, Friedrich Hildebrand von	118681818	Einsiedel, Friedrich Hildebrand von	1750-04-30	1828-07-09	Männlich	(1750–1828)
Cervantes Saavedra, Miguel de	11851993X	Cervantes Saavedra, Miguel de	1547-09-29	1616-04-23	Männlich	(1547–1616)
Brunner, Thomas	118516213	Brunner, Thomas	1535	1570-10-28	Männlich	(um 1535–1571)
Weidmann, Paul	119497921	Weidmann, Paul	1744	1801	Unbekannt	(1748–1801)
Beer, Michael	118657887	Beer, Michael	1800-08-19	1833-03-22	Männlich	(1800–1833)
Wohlbrück, Wilhelm August	124953271	Wohlbrück, Wilhelm August	1785-02-26	1848-07-28	Männlich	(1796–1848)
Lauremberg, Johann	118726714	Lauremberg, Johann	1590-02-26	1658-02-28	Männlich	(1590–1658)
Nafzāwī, ʿUmar Ibn-Muḥammad an-	109960785	Nafzāwī, ʿUmar Ibn-Muḥammad an-			Unbekannt	(16. Jhdt.)
Andersen, Hans Christian	118502794	Andersen, Hans Christian	1805-04-02	1875-08-04	Männlich	(1805–1875)
Stadler, Ernst	118616587	Stadler, Ernst	1883-08-11	1914-10-30	Männlich	(1883–1914)
Büsching, Johann Gustav Gottlieb	117144398	Büsching, Johann Gustav Gottlieb	1783-09-19	1829-03-04	Männlich	(1783–1829)
Mühsam, Erich	118584758	Mühsam, Erich	1878-04-06	1934-07-10	Männlich	(1878–1934)
Logau, Friedrich von	11872889X	Logau, Friedrich von	1605-01	1655-07-24	Männlich	(1605–1655)
Keller, Gottfried	11856109X	Keller, Gottfried	1819-07-19	1890-07-15	Männlich	(1819–1890)
Fleming, Paul	118533908	Fleming, Paul	1609-10-05	1640-04-02	Männlich	(1609–1640)
Seitz, Alexander	129907405	Seitz, Alexander	1470	1545	Männlich	(um 1470 – um 1545)
Uhland, Ludwig	118625063	Uhland, Ludwig	1787-04-26	1862-11-13	Männlich	(1787–1862)
Bahr, Hermann	118505955	Bahr, Hermann	1863-07-19	1934-01-15	Männlich	(1863–1934)
Roquette, Otto	119034883	Roquette, Otto	1824-04-19	1896-03-18	Männlich	(1824–1896)
Jacobsen, Jens Peter	118711172	Jacobsen, Jens Peter	1847-04-07	1885-04-30	Männlich	(1847–1885)
Balzac, Honoré de	118506358	Balzac, Honoré de	1799-05-20	1850-08-19	Männlich	(1799–1854)
Gundolf, Friedrich	118543628	Gundolf, Friedrich	1880-06-20	1931-07-12	Männlich	(1880–1931)
Groth, Klaus	118542699	Groth, Klaus	1819-04-24	1899-06-02	Männlich	(1819–1899)
Leopardi, Giacomo	118571834	Leopardi, Giacomo	1798-06-29	1837-02-15	Männlich	(1798–1837)
Hauptmann, Carl	118546910	Hauptmann, Carl	1858-08-11	1921-02-04	Männlich	(1858–1921)
Theocritus	118621769	Theocritus			Unbekannt	(um 310 v. Chr. – 250 v. Chr.)
Zesen, Philipp von	118636596	Zesen, Philipp von	1619-10-08	1689-11-13	Männlich	(1619–1689)
Schumann, Robert	118611666	Schumann, Robert	1810-06-08	1856-07-29	Männlich	(1810–1856)
Lachmann, Hedwig	119115441	Lachmann, Hedwig	1865-08-29	1918-02-21	Weiblich	(1865–1918)
Hille, Peter	118551108	Hille, Peter	1854-09-11	1904-05-07	Männlich	(1854–1904)
Nachtigal, Johann Karl Christoph	117208876	Nachtigal, Johann Karl Christoph	1753-02-25	1819-06-21	Männlich	(1753–1819)
Zäunemann, Sidonia Hedwig	122537122	Zäunemann, Sidonia Hedwig	1711-01-16	1740-12-11	Weiblich	(1714–1740)
Huysmans, Joris-Karl	118555111	Huysmans, Joris-Karl	1848-02-05	1907-05-12	Männlich	(1848–1907)
Manzoni, Alessandro	118577409	Manzoni, Alessandro	1785-03-07	1873-05-22	Männlich	(1785–1873)
Kupelwieser, Josef	134672275	Kupelwieser, Josef	1791-01-14	1866-02-02	Männlich	(1791–1866)
Bierbaum, Otto Julius	118510762	Bierbaum, Otto Julius	1865-06-28	1910-02-01	Männlich	(1865–1910)
Sudermann, Hermann	118619853	Sudermann, Hermann	1857-09-30	1928-11-21	Männlich	(1857–1928)
Wezel, Johann Carl	118632108	Wezel, Johann Carl	1747-10-31	1819-01-28	Männlich	(1747–1819)
Sienkiewicz, Henryk	118797107	Sienkiewicz, Henryk	1846-05-05	1916-11-15	Männlich	(1846–1916)
Apuleius, Madaurensis	11850374X	Apuleius, Madaurensis	0123	0170	Männlich	(um 124 – um 180)
Celander	1078281599	Celander	1675	1771	Männlich	(1675–1711)
Klinger, Friedrich Maximilian von	118563319	Klinger, Friedrich Maximilian von	1752-02-18	1831-03-03	Männlich	(1752–1831)
Hölty, Ludwig Christoph Heinrich	118552023	Hölty, Ludwig Christoph Heinrich	1748-12-21	1776-09-01	Männlich	(1748–1776)
Chaucer, Geoffrey	118520245	Chaucer, Geoffrey	1343	1400	Unbekannt	(1340?–1400)
Fischer, Christian August	115361413	Fischer, Christian August	1771-08-29	1829-04-14	Männlich	(1771–1829)
Thackeray, William Makepeace	118621483	Thackeray, William Makepeace	1811-07-16	1863-12-24	Männlich	(1811–1863)
Mundt, Theodor	118735225	Mundt, Theodor	1808-09-19	1861-11-30	Männlich	(1808–1861)
Lauremberg, Peter	100810977	Lauremberg, Peter	1585-08-26	1639-05-13	Männlich	(1585–1639)
Kästner, Abraham Gotthelf	118714570	Kästner, Abraham Gotthelf	1719-09-27	1800-06-20	Männlich	(1719–1800)
Montaigne, Michel Eyquem de	118583573	Montaigne, Michel Eyquem de	1533-02-28	1592-09-13	Männlich	(1533–1592)
Birlinger, Anton	119178818	Birlinger, Anton	1834-01-14	1891-06-15	Männlich	(1834–1891)
Gerstäcker, Friedrich	118538810	Gerstäcker, Friedrich	1816-05-10	1872-05-31	Männlich	(1816–1872)
Möllhausen, Balduin	118784412	Möllhausen, Balduin	1825-01-27	1905-05-28	Männlich	(1825–1905)
Angelus, Silesius	118503111	Angelus, Silesius	1624-12-25	1677-07-09	Männlich	(1624–1677)
Sonnleithner, Joseph	104332042	Sonnleithner, Joseph	1766-03-03	1835-12-25	Männlich	(1766–1835)
Plautus, Titus Maccius	118594974	Plautus, Titus Maccius	-0254	-0184	Männlich	(um 250–184 v. Chr.)
Bleibtreu, Carl	118663909	Bleibtreu, Carl	1859-01-13	1928-01-30	Männlich	(1859–1928)
Weckherlin, Georg Rodolf	118629840	Weckherlin, Georg Rodolf	1584	1653	Männlich	(1584–1653)
Stolberg-Stolberg, Friedrich Leopold zu	118755552	Stolberg-Stolberg, Friedrich Leopold zu	1750-11-07	1819-12-05	Männlich	(1750–1819)
Goetz, Hermann	118696025	Goetz, Hermann	1840-12-07	1876-12-03	Männlich	(1840–1876)
Stavenhagen, Fritz	118752901	Stavenhagen, Fritz	1876-09-18	1906-05-09	Männlich	(1876–1906)
Anzengruber, Ludwig	11850357X	Anzengruber, Ludwig	1839-11-29	1889-12-10	Männlich	(1839–1889)
Arnim, Bettina von	118504185	Arnim, Bettina von	1785-04-04	1859-01-20	Weiblich	(1785–1859)
Metastasio, Pietro	118733141	Metastasio, Pietro	1698-01-03	1782-04-12	Männlich	(1698–1782)
Opitz, Martin	118590111	Opitz, Martin	1597-12-23	1639-08-20	Männlich	(1597–1639)
Manuel, Niklaus	118577379	Manuel, Niklaus	1484	1530-04-28	Männlich	(um 1484–1530)
Luther, Martin	118575449	Luther, Martin	1483-11-10	1546-02-18	Männlich	(1483–1546)
Leisewitz, Johann Anton	118571370	Leisewitz, Johann Anton	1752-05-09	1806-09-10	Männlich	(1752–1806)
Racine, Jean	118597523	Racine, Jean	1639-12-21	1699-04-21	Männlich	(1639–1699)
Ahlefeld, Charlotte von	118962590	Ahlefeld, Charlotte von	1781-12-06	1849-06-27	Weiblich	(1781–1849)
Eberlin von Günzburg, Johann	118681540	Eberlin von Günzburg, Johann	1465	1533	Männlich	(1470–1533)
Klingemann, Ernst August Friedrich	118563300	Klingemann, Ernst August Friedrich	1777-08-31	1831-01-25	Männlich	(1777–1831)
Klaj, Johann	118723324	Klaj, Johann	1616	1656-02-16	Männlich	(um 1616–1656)
Rosenow, Emil	119194724	Rosenow, Emil	1871-03-09	1904-02-07	Männlich	(1871–1904)
Mirbeau, Octave	118784226	Mirbeau, Octave	1848-02-16	1917-02-16	Männlich	(1850–1917)
Grimmelshausen, Hans Jakob Christoffel von	118542273	Grimmelshausen, Hans Jakob Christoffel von	1622	1676-08-17	Männlich	(1621–1676)
Chlumberg, Hans	123628911	Chlumberg, Hans	1897-06-30	1930-10-25	Männlich	(1897–1930)
Holz, Arno	118553216	Holz, Arno	1863-04-26	1929-10-26	Männlich	(1863–1929)
Parival, Jean Nicolas de	10023951X	Parival, Jean Nicolas de	1605	1669	Unbekannt	(1605–1669)
Salis-Seewis, Johann Gaudenz von	118809466	Salis-Seewis, Johann Gaudenz von	1762-12-26	1834-01-29	Männlich	(1762–1834)
Chamisso, Adelbert von	118520040	Chamisso, Adelbert von	1781-01-30	1838-08-21	Männlich	(1781–1838)
Janitschek, Maria	117078719	Janitschek, Maria	1859-07-23	1927-04-28	Weiblich	(1859–1927)
Tieck, Ludwig	12989432X	Tieck, Ludwig	1773-05-31	1853-04-28	Männlich	(1773–1853)
Aeschylus	118500856	Aeschylus	-0525	-0456	Männlich	(525–456 v. Chr.)
Mörike, Eduard	118583107	Mörike, Eduard	1804-09-08	1875-06-04	Männlich	(1804–1875)
Moscherosch, Johann Michael	118641182	Moscherosch, Johann Michael	1601-03-05	1669-04-04	Männlich	(1601–1669)
Auenbrugger, Leopold	117668931	Auenbrugger, Leopold	1722-11-19	1809-05-18	Männlich	1722–1809
Sade, Marquis de	118604759	Sade, Marquis de	1740-06-02	1814-12-02	Männlich	(1740–1814)
Homerus	11855333X	Homerus			Männlich	(8. Jh. v. Chr. – 8. Jh. v. Chr. ?)
Müller, Carl Theodor	119552140	Müller, Carl Theodor	1796	1873	Männlich	(1796–1873)
Baader, Bernhard	13358402X	Baader, Bernhard	1801	1859	Männlich	(ca. 1801–1859)
Uz, Johann Peter	118625756	Uz, Johann Peter	1720-10-03	1796-05-12	Männlich	(1720–1796)
Jahn, Ulrich	117065587	Jahn, Ulrich	1861-04-15	1900-03-20	Männlich	(1861–1900)
Günderode, Karoline von	118543202	Günderode, Karoline von	1780-02-11	1806-07-26	Weiblich	(1780–1806)
Canitz, Friedrich von	119171090	Canitz, Friedrich von	1654-11-27	1699-08-11	Männlich	(1654–1699)
Freiligrath, Ferdinand	118535196	Freiligrath, Ferdinand	1810-06-17	1876-03-18	Männlich	(1810–1876)
Stranitzky, Joseph Anton	118618865	Stranitzky, Joseph Anton	1676	1726	Männlich	(1676–1726)
Grün, Anastasius	118719033	Grün, Anastasius	1806-04-11	1876-09-12	Männlich	(1808–1876)
Sterne, Laurence	11861794X	Sterne, Laurence	1713-11-24	1768-03-18	Männlich	(1713–1768)
Nebel, Ernst Ludwig Wilhelm	116902035	Nebel, Ernst Ludwig Wilhelm	1772-02-16	1854-05-30	Männlich	(1772–1854)
Schlegel, Dorothea	1034541420	Schlegel, Dorothea		1706-03-15	Unbekannt	(1763–1839)
Müller, Robert	118585193	Müller, Robert	1887	1924	Männlich	(1887–1924)
Arnold, Gottfried	118650386	Arnold, Gottfried	1666-09-05	1714-05-30	Männlich	(1666–1714)
Saar, Ferdinand von	118604449	Saar, Ferdinand von	1833-09-30	1906-07-24	Männlich	(1833–1906)
Hugo, Victor	118554654	Hugo, Victor	1802-02-26	1885-05-22	Männlich	(1802–1885)
Büchner, Luise	117052744	Büchner, Luise	1821-06-12	1877-11-28	Weiblich	(1821–1877)
Winckelmann, Johann Joachim	118633600	Winckelmann, Johann Joachim	1717-12-09	1768-06-08	Männlich	(1717–1768)
Berg, O.F.	1178632180	Berg, O.F.	1833	1886	Männlich	(1833–1886)
Schopenhauer, Adele	11880510X	Schopenhauer, Adele	1797-06-12	1849-08-25	Weiblich	(1797-1849)
Jacobi, Friedrich Heinrich	118556312	Jacobi, Friedrich Heinrich	1743-01-25	1819-03-10	Männlich	(1743–1819)
Ungern-Sternberg, Alexander von	118763733	Ungern-Sternberg, Alexander von	1806-04-22	1868-08-24	Männlich	(1806–1868)
Ernst, Paul	118530909	Ernst, Paul	1866-03-07	1933-05-13	Männlich	(1866–1933)
Kalisch, David	116031883	Kalisch, David	1820-02-23	1872-08-21	Männlich	(1820–1872)
Jung-Stilling, Johann Heinrich	118558862	Jung-Stilling, Johann Heinrich	1740-09-12	1817-04-02	Männlich	(1740–1817)
Sophocles	118615688	Sophocles			Männlich	(um 495 – um 406 v. Chr.)
Heiseler, Henry von	118709933	Heiseler, Henry von	1875-12-23	1928-11-25	Männlich	(1875–1928)
Lavater, Johann Caspar	118570293	Lavater, Johann Caspar	1741-11-15	1801-01-02	Männlich	(1741–1800)
Trakl, Georg	118623575	Trakl, Georg	1887-02-03	1914-11-03	Männlich	(1887–1914)
Raabe, Wilhelm	118597442	Raabe, Wilhelm	1831-10-08	1910-11-15	Männlich	(1831–1910)
Schiller, Friedrich	118607626	Schiller, Friedrich	1759-11-10	1805-05-09	Männlich	(1759–1805)
Gautier, Théophile	11853789X	Gautier, Théophile	1811-08-30	1872-10-23	Männlich	(1811–1872)
Prutz, Robert Eduard	11859687X	Prutz, Robert Eduard	1816-05-30	1872-06-21	Männlich	(1816–1872)
Duncker, Dora	116251654	Duncker, Dora	1855-03-28	1916-10-09	Weiblich	(1855–1916)
Krüger, Johann Christian	118778080	Krüger, Johann Christian	1723	1750	Unbekannt	(1723–1750)
Droste-Hülshoff, Annette von	118527533	Droste-Hülshoff, Annette von	1797-01-10	1848-05-24	Weiblich	(1797–1848)
Rosner, Ferdinand	118749870	Rosner, Ferdinand	1709-07-26	1778-01-14	Unbekannt	(1709–1778)
Neuber, Friederike Caroline	118738577	Neuber, Friederike Caroline	1697-03-09	1760-11-30	Weiblich	(1697–1760)
Frischlin, Nicodemus	118693719	Frischlin, Nicodemus	1547-09-22	1590-11-29	Männlich	(1547–1590)
Cranz, August Friedrich	11941340X	Cranz, August Friedrich	1737-09-26	1801-10-19	Männlich	(1737–1801)
L'Arronge, Adolph	116000309	L'Arronge, Adolph	1838-03-08	1908-05-25	Männlich	(1838–1908)
Rabener, Gottlieb Wilhelm	118743368	Rabener, Gottlieb Wilhelm	1714-09-17	1771-03-22	Männlich	(1714–1771)
Hagedorn, Friedrich von	118700421	Hagedorn, Friedrich von	1708-04-23	1754-10-28	Männlich	(1708–1754)
Kafka, Franz	118559230	Kafka, Franz	1883-07-03	1924-06-03	Männlich	(1883–1924)
Mickiewicz, Adam	11873377X	Mickiewicz, Adam	1798-12-24	1855-11-26	Männlich	(1798–1855)
Hartleben, Otto Erich	118546198	Hartleben, Otto Erich	1864-06-03	1905-02-11	Männlich	(1864–1905)
Dörmann, Felix	119020874	Dörmann, Felix	1870-05-29	1928-10-26	Männlich	(1819–1895)
Benkowitz, Karl Friedrich	116121009	Benkowitz, Karl Friedrich	1764	1807-03-19	Männlich	(1764–1807)
Spitteler, Carl	118616277	Spitteler, Carl	1845-04-24	1924-12-29	Männlich	(1845–1924)
Cazotte, Jacques	118667599	Cazotte, Jacques	1719-10-07	1792-09-25	Männlich	(1719–1792)
Pückler-Muskau, Hermann von	118597019	Pückler-Muskau, Hermann von	1785-10-30	1871-02-04	Männlich	(1785–1871)
Schnitzer, Ignaz	121068218	Schnitzer, Ignaz	1839-12-05	1921-06-18	Männlich	(1839–1921)
Schnabel, Johann Gottfried	118609475	Schnabel, Johann Gottfried	1692	1750	Männlich	(1692–1751/1758)
Gončarov, Ivan Aleksandrovič	118540734	Gončarov, Ivan Aleksandrovič	1812	1891	Männlich	(1812–1891)
Roeling, Johann	103119663	Roeling, Johann	1634	1679	Männlich	(1634–1679)
Petrarca, Francesco	118593234	Petrarca, Francesco	1304-07-20	1374-07-19	Männlich	(1304–1374)
Boßdorf, Hermann	118659405	Boßdorf, Hermann	1877-10-29	1921-09-24	Männlich	(1877–1921)
Zachariae, Justus Friedrich Wilhelm	118808230	Zachariae, Justus Friedrich Wilhelm	1726-05-01	1777-01-30	Männlich	(1726–1777)
Spyri, Johanna	118616455	Spyri, Johanna	1827-06-12	1901-07-07	Weiblich	(1827–1901)
Cleland, John	118521160	Cleland, John	1709	1789-01-23	Männlich	(1789–1789)
Eichrodt, Ludwig	119095785	Eichrodt, Ludwig	1827-02-02	1892-02-02	Männlich	(1827–1892)
Jensen, Wilhelm	11855736X	Jensen, Wilhelm	1837-02-15	1911-11-24	Männlich	(1837–1911)
Stramm, August	118618830	Stramm, August	1874-07-29	1915-09-01	Männlich	(1874–1915)
Knigge, Adolph, Freiherr	11856370X	Knigge, Adolph, Freiherr	1752-10-16	1796-05-06	Männlich	(1752–1796)
Alberti, Konrad	116009926	Alberti, Konrad	1862-07-09	1918-06-23	Männlich	(1862–1918)
Klopstock, Friedrich Gottlieb	118563386	Klopstock, Friedrich Gottlieb	1724-07-02	1803-03-14	Männlich	(1724–1803)
Frölich, Henriette	131967630	Frölich, Henriette	1768-07-28	1833-04-05	Weiblich	(1768–1833)
Buck, Michael Richard	118516809	Buck, Michael Richard	1832-09-26	1888-09-15	Männlich	(1832–1888)
Paalzow, Henriette	11601122X	Paalzow, Henriette	1788	1847-10-30	Weiblich	(1788–1849)
Stieler, Kaspar von	118618121	Stieler, Kaspar von	1632-08-02	1707-06-24	Männlich	(1632–1707)
Ruf, Jacob	118791516	Ruf, Jacob	1505	1558-02-20	Unbekannt	(1500–1558)
Werner, Friedrich Ludwig Zacharias	118767208	Werner, Friedrich Ludwig Zacharias	1768-11-18	1823-01-17	Männlich	(1768–1823)
Cronegk, Johann Friedrich von	11852285X	Cronegk, Johann Friedrich von	1731-09-02	1758-12-31	Männlich	(1731–1758)
Halm, Friedrich	118720074	Halm, Friedrich	1806-04-02	1871-05-22	Männlich	(1806–1871)
Colshorn, Theodor	116645296	Colshorn, Theodor	1821-01-13	1896-09-01	Männlich	(1821–1896) (1812–1855)
Brawe, Joachim Wilhelm von	11865991X	Brawe, Joachim Wilhelm von	1738	1758	Männlich	(1738–1758)
Wilbrandt, Adolf von	118807250	Wilbrandt, Adolf von	1837-08-24	1911-06-10	Männlich	(1837–1911)
Bucholtz, Andreas Heinrich	118516744	Bucholtz, Andreas Heinrich	1607	1671	Unbekannt	(1607–1671)
Götz, Johann Nikolaus	118540300	Götz, Johann Nikolaus	1721	1781	Männlich	(1721–1781)
Defoe, Daniel	118524275	Defoe, Daniel	1660-09	1731-04-24	Männlich	(1660–1731)
Kurz, Hermann	118778277	Kurz, Hermann	1813-11-30	1873-10-10	Männlich	(bis 1848 Kurtz) (1813–1873)
Riese, Friedrich Wilhelm	105607231	Riese, Friedrich Wilhelm	1807-02-24	1879-11-15	Männlich	(1805–1879)
Mosenthal, Salomon Hermann von	101363184	Mosenthal, Salomon Hermann von	1821-01-13	1877-02-17	Männlich	(1821–1877)
Bote, Hermann	118513931	Bote, Hermann	1460	1520	Unbekannt	(vor 1467–1520)
Meyrink, Gustav	118582046	Meyrink, Gustav	1868-01-19	1932-12-04	Männlich	(1868–1932)
Rist, Johann	118745425	Rist, Johann	1607-03-08	1667-08-31	Männlich	(1607–1667)
Wolfram, von Eschenbach	118634933	Wolfram, von Eschenbach	1170	1220	Männlich	(1170–1220)
Lohenstein, Daniel Casper von	118574078	Lohenstein, Daniel Casper von	1635-01-05	1683-04-28	Männlich	(1635–1683)
Kerner, Justinus	118561545	Kerner, Justinus	1786-09-18	1862-02-21	Männlich	(1786–1862)
Pfeffel, Gottlieb Konrad	118740709	Pfeffel, Gottlieb Konrad	1736-06-28	1809-05-01	Männlich	(1736–1809)
Brockes, Barthold Heinrich	118515586	Brockes, Barthold Heinrich	1680-09-22	1747-01-16	Männlich	(1680–1747)
Schlegel, Johann Elias	118608002	Schlegel, Johann Elias	1719-01-17	1749-08-13	Männlich	(1719–1749)
George, Stefan	11853856X	George, Stefan	1868-07-12	1933-12-04	Männlich	(1868–1933)
Aston, Louise	118650769	Aston, Louise	1814-11-26	1871-12-21	Weiblich	(1814–1871)
Weiße, Christian Felix	118630563	Weiße, Christian Felix	1726-01-28	1804-12-16	Männlich	(1726–1804)
Mühlpfort, Heinrich	124365329	Mühlpfort, Heinrich	1639-07-10	1681-07-01	Männlich	(1639–1681)
Wildenbruch, Ernst von	118771760	Wildenbruch, Ernst von	1845-02-03	1909-01-15	Männlich	(1845–1909)
Richter, Jean Paul Friedrich	1205166688	Richter, Jean Paul Friedrich	1763-03-21	1825-11-14	Männlich	(1763–1825)
Gutzkow, Karl	118543830	Gutzkow, Karl	1811-03-17	1878-12-16	Männlich	(1811–1878)
Müllenhoff, Karl	119010879	Müllenhoff, Karl	1818-09-08	1884-02-19	Männlich	(1818–1884)
Auerbach, Berthold	11865103X	Auerbach, Berthold	1812-02-28	1882-02-08	Männlich	(1812–1882)
Gryphius, Andreas	118543032	Gryphius, Andreas	1616-10-02	1664-07-16	Männlich	(1616–1664)
Hippel, Theodor Gottlieb von	11855137X	Hippel, Theodor Gottlieb von	1741-01-31	1796-04-23	Männlich	(1741–1796)
Gotthelf, Jeremias	118540963	Gotthelf, Jeremias	1797-10-04	1854-10-22	Männlich	(1797–1854)
Merck, Johann Heinrich	118581015	Merck, Johann Heinrich	1741-04-11	1791-06-27	Männlich	(1741–1791)
Brontë, Charlotte	118638009	Brontë, Charlotte	1816-04-21	1855-03-31	Weiblich	(1816–1855)
Chézy, Helmina von	119360659	Chézy, Helmina von	1783-01-26	1856-02-28	Weiblich	(1783–1856)
Spielhagen, Friedrich	118616196	Spielhagen, Friedrich	1829-02-24	1911-02-25	Männlich	(1829–1911)
François, Louise von	118692577	François, Louise von	1817-06-27	1893-09-25	Weiblich	(1817–1893)
Čechov, Anton Pavlovič	118638289	Čechov, Anton Pavlovič	1860-01-29	1904-07-15	Männlich	(1860–1904)
Drollinger, Carl Friedrich	100819753	Drollinger, Carl Friedrich	1688-12-26	1742-06-01	Männlich	(1688–1742)
Miller, Johann Martin	118784013	Miller, Johann Martin	1750-12-03	1814-06-21	Männlich	(1750–1814)
Wickram, Jörg	118632272	Wickram, Jörg	1505	1562	Männlich	(um 1505 – vor 1562)
Pfitzer, Johann Nicolaus	120360543	Pfitzer, Johann Nicolaus	1634	1674	Unbekannt	(1634–1674?)
Brant, Sebastian	118514474	Brant, Sebastian	1457	1521-05-10	Männlich	(1457–1521)
Lingg, Hermann	119002248	Lingg, Hermann	1820-01-22	1905-06-18	Männlich	(1820–1905)
Grabbe, Christian Dietrich	118541102	Grabbe, Christian Dietrich	1801-12-11	1836-09-12	Männlich	(1801–1836)
ʿUmar Ḫaiyām	118736302	ʿUmar Ḫaiyām	1048	1131	Männlich	(1048–1131)
Proelß, Johannes	116292407	Proelß, Johannes	1853-07-04	1911-09-20	Männlich	(1853–1911)
Hollonius, Ludwig	11870656X	Hollonius, Ludwig	1570	1621	Männlich	(um 1570–1621)
Ayrer, Jakob	118651307	Ayrer, Jakob	1543	1605	Unbekannt	(1544–1605)
Lewald, Fanny	118572393	Lewald, Fanny	1811-03-24	1889-08-05	Weiblich	(1811–1889)
Sturz, Helfrich Peter	118619756	Sturz, Helfrich Peter	1736	1779	Männlich	(1736–1779)
Wille, Bruno	11863318X	Wille, Bruno	1860-02-06	1928-09-04	Männlich	(1860–1928)
Conradi, Hermann	118669923	Conradi, Hermann	1862-07-12	1890-03-08	Männlich	(1862–1890)
Spiegel, Karl	119142813	Spiegel, Karl	1863-07-27	1920-09-15	Unbekannt	(1863–1920)
Beer, Johann	118508253	Beer, Johann	1655-03-18	1700-08-06	Männlich	(1655–1700)
Sommer, Elise	117213527	Sommer, Elise	1761-10-29	1836-08-30	Weiblich	(1767–?)
Ganghofer, Ludwig	118537490	Ganghofer, Ludwig	1855-07-07	1920-07-24	Männlich	(1855–1920)
Whitman, Walt	118807153	Whitman, Walt	1819-05-31	1892-03-26	Männlich	(1819–1892)
Loen, Johann Michael von	117154202	Loen, Johann Michael von	1694-12-11	1776-07-24	Männlich	(1694–1776)
Wolf, Johann Wilhelm	118769871	Wolf, Johann Wilhelm	1817-04-23	1855-06-28	Männlich	(1817–1855)
Poe, Edgar Allan	11859527X	Poe, Edgar Allan	1809-01-19	1849-10-07	Männlich	(1809–1849)
Kobell, Franz von	116263431	Kobell, Franz von	1803-07-19	1882-11-11	Männlich	(1803–1882)
Lermontov, Michail Jurʹevič	11857194X	Lermontov, Michail Jurʹevič	1814-10-03	1841-07-15	Männlich	(1814–1842)
La Roche, Sophie von	118569767	La Roche, Sophie von	1730-12-06	1807-02-18	Weiblich	(1730–1807)
Avenarius, Ferdinand	118651218	Avenarius, Ferdinand	1856-12-20	1923-09-22	Männlich	(1856–1923)
Guillaume, de Lorris	118543482	Guillaume, de Lorris			Unbekannt	(1200–1238)
Kuhlmann, Quirinus	11872522X	Kuhlmann, Quirinus	1651-02-25	1689-10-04	Unbekannt	(1651–1689)
Arnim, Achim von	118504177	Arnim, Achim von	1781-01-26	1831-01-21	Männlich	(1781–1831)
Matthisson, Friedrich von	118731890	Matthisson, Friedrich von	1761-01-23	1831-03-12	Männlich	(1761–1831)
Le Sage, Alain René	118572032	Le Sage, Alain René	1668-12-13	1747-11-17	Unbekannt	(1668–1747)
Börne, Ludwig	118512749	Börne, Ludwig	1786	1837	Männlich	(1786–1837)
Andreä, Johann Valentin	118502883	Andreä, Johann Valentin	1586-08-17	1654-06-27	Männlich	(1586–1654)
Vischer, Friedrich Theodor von	11862721X	Vischer, Friedrich Theodor von	1807-06-30	1887-09-14	Männlich	(1807–1887)
Dickens, Charles	118525239	Dickens, Charles	1812-02-07	1870-06-09	Männlich	(1812–1870)
Dach, Simon	11852321X	Dach, Simon	1605-07-29	1659-04-15	Männlich	(1605–1659)
Rilke, Rainer Maria	118601024	Rilke, Rainer Maria	1875-12-04	1926-12-29	Männlich	(1875–1926)
Hesekiel, George	118703986	Hesekiel, George	1819-08-12	1874-02-26	Männlich	(1819–1874)
Moser, Gustav von	116937807	Moser, Gustav von	1825-05-11	1903-10-23	Männlich	(1825–1903)
Abschatz, Hans Assmann von	118500279	Abschatz, Hans Assmann von	1646-02-04	1699-04-22	Männlich	(1646–1699)
Reventlow, Franziska zu	118600044	Reventlow, Franziska zu	1871-05-18	1918-07-25	Weiblich	(1871–1918)
Seume, Johann Gottfried	118613480	Seume, Johann Gottfried	1763-01-19	1810-06-13	Männlich	(1763–1810)
Roeber, Friedrich	116579757	Roeber, Friedrich	1819-06-19	1901-10-12	Männlich	(1819–1901)
Beaumarchais, Pierre Augustin Caron de	118507850	Beaumarchais, Pierre Augustin Caron de	1732-01-24	1799-05-18	Männlich	(1732–1799)
Hahn-Hahn, Ida, Gräfin	118544918	Hahn-Hahn, Ida, Gräfin	1805-06-22	1880-01-12	Weiblich	(1805–1880)
Aretino, Pietro	118650033	Aretino, Pietro	1492-04-20	1556-10-21	Männlich	(1492–1556)
Herwegh, Georg	118550128	Herwegh, Georg	1817-05-31	1875-04-07	Männlich	(1817–1875)
Brachvogel, Albert Emil	119163454	Brachvogel, Albert Emil	1824-04-29	1878-11-27	Männlich	(1824–1878)
Wolfram, Hermann Ludwig	100723004	Wolfram, Hermann Ludwig	1807-12-09	1852-03-11	Männlich	(1781–1831)
Bjørnson, Bjørnstjerne	118511459	Bjørnson, Bjørnstjerne	1832-12-08	1910-04-26	Männlich	(1832–1910)
Flaischlen, Cäsar	118683829	Flaischlen, Cäsar	1864-05-12	1920-10-16	Männlich	(1864–1920)
Hafner, Philipp	118544640	Hafner, Philipp	1731-09-27	1764-07-30	Männlich	(1735–1764)
Hoffmann, E. T. A.	118552465	Hoffmann, E. T. A.	1776-01-24	1822-06-25	Männlich	(1776–1822)
Ruederer, Josef	118791508	Ruederer, Josef	1861-10-15	1915-10-20	Männlich	(1861–1915)
Aurbacher, Ludwig	11922349X	Aurbacher, Ludwig	1784-08-26	1847-05-25	Männlich	(1784–1847)
Claudius, Matthias	118521098	Claudius, Matthias	1740-08-15	1815-01-21	Männlich	(1740–1815)
Musäus, Johann Karl August	118735365	Musäus, Johann Karl August	1735-03-29	1787-10-28	Männlich	(1735–1787)
Puschmann, Adam	118803352	Puschmann, Adam	1532	1600	Männlich	(1532–1600)
Fouqué, Friedrich de La Motte-	118534556	Fouqué, Friedrich de La Motte-	1777-02-12	1843-01-23	Männlich	(1777–1843)
Lichtenstein, Alfred	118832891	Lichtenstein, Alfred	1889-08-23	1914-09-25	Männlich	(1889–1915)
Busoni, Ferruccio	118518011	Busoni, Ferruccio	1866-04-01	1924-07-27	Männlich	(1866–1924)
Otto-Peters, Louise	118590901	Otto-Peters, Louise	1819-03-26	1895-03-13	Weiblich	(1819–1895)
Musset, Alfred de	118585940	Musset, Alfred de	1810-12-11	1857-05-02	Männlich	(1810–1857)
Vergilius Maro, Publius	118626574	Vergilius Maro, Publius	-0070	-0019	Männlich	(70 v. Chr. – 19 v. Chr.)
Schwab, Gustav	118762745	Schwab, Gustav	1792-06-19	1850-11-04	Männlich	(1792–1850)
Bernard, Joseph Carl	116136812	Bernard, Joseph Carl	1780	1850-03-31	Männlich	(1781–1850)
Euripides	118531395	Euripides			Männlich	(um 480–406 v. Chr.)
Wildgans, Anton	118632841	Wildgans, Anton	1881-04-17	1932-05-03	Männlich	(1881–1932)
Heyking, Elisabeth von	104359080	Heyking, Elisabeth von	1861-12-10	1925-01-04	Weiblich	(1861–1925)
Franul von Weißenthurn, Johanna	116752505	Franul von Weißenthurn, Johanna	1772-02-16	1847-05-17	Weiblich	(1772–1847)
Weissmann, Maria Luise	119074044	Weissmann, Maria Luise	1899-08-20	1929-11-07	Weiblich	(1899–1929)
Schlegel, August Wilhelm von	118607960	Schlegel, August Wilhelm von	1767-09-08	1845-05-12	Männlich	(seit 1815: von Schlegel) (1767–1845)
Multatuli	118679279	Multatuli	1820-03-02	1887-02-19	Männlich	(1820–1887)
Czepko, Daniel von	118677640	Czepko, Daniel von	1605-09-23	1660-09-09	Unbekannt	(1605–1660)
Büchner, Georg	118516906	Büchner, Georg	1813-10-17	1837-02-19	Männlich	(1813–1837)
Iuvenalis, Decimus Iunius	118556126	Iuvenalis, Decimus Iunius			Männlich	(um 55–130 n. Chr.)
Wobeser, Wilhelmine Karoline von	104236280	Wobeser, Wilhelmine Karoline von	1769	1807	Weiblich	(1769–1807)
Eichendorff, Joseph von	118529390	Eichendorff, Joseph von	1788-03-10	1857-11-26	Männlich	(1788–1857)
Hauff, Wilhelm	118546864	Hauff, Wilhelm	1802-11-29	1827-11-18	Männlich	(1802–1827)
Schmeltzl, Wolfgang	11879518X	Schmeltzl, Wolfgang	1500	1557	Männlich	(nach 1500–um 1561)
Kotzebue, August von	118565796	Kotzebue, August von	1761-05-03	1819-03-23	Männlich	(1761–1819)
Grimm, Jacob	118542257	Grimm, Jacob	1785-01-04	1863-09-20	Männlich	(1785–1863) (1786–1858)
Castelli, Ignaz Franz	118667424	Castelli, Ignaz Franz	1781-03-06	1862-02-05	Männlich	(1781–1862)
Schaefer, Wilhelm	117099309	Schaefer, Wilhelm	1835-03-04	1908-05-13	Männlich	(1781–1831)
Verlaine, Paul	118804219	Verlaine, Paul	1844-03-30	1896-01-08	Männlich	(1844–1896)
Hofmannsthal, Hugo von	118552759	Hofmannsthal, Hugo von	1874-02-01	1929-07-15	Männlich	(1874–1929)
Rückert, Friedrich	118603817	Rückert, Friedrich	1788-05-16	1866-01-31	Männlich	(1788–1866)
Petőfi, Sándor	118593226	Petőfi, Sándor	1823-01-01	1849-07-31	Männlich	(1823–1849)
Calderón de la Barca, Pedro	118518399	Calderón de la Barca, Pedro	1600-01-17	1681-05-25	Männlich	(1600–1681)
Christen, Ada	119549263	Christen, Ada	1844-03-06	1901-05-19	Weiblich	(1839–1901)
Liebeskind, Dorothea Margaretha	100804195	Liebeskind, Dorothea Margaretha	1765-02-22	1853	Weiblich	(1765–1853)
Carroll, Lewis	11851928X	Carroll, Lewis	1832-01-27	1898-01-14	Männlich	(1832–1898)
Immermann, Karl Leberecht	118555553	Immermann, Karl Leberecht	1796-04-24	1840-08-25	Männlich	(1796–1840)
Verne, Michel	130123951	Verne, Michel	1861-08-04	1925-03-05	Männlich	(1861–1925)
Gottsched, Johann Christoph	118541013	Gottsched, Johann Christoph	1700-02-02	1766-12-12	Männlich	(1700–1766)
Gottsched, Luise Adelgunde Victorie	118696734	Gottsched, Luise Adelgunde Victorie	1713-04-11	1762-06-26	Weiblich	(1713–1762)
Ḥāfiẓ	118544632	Ḥāfiẓ	1315	1390	Unbekannt	(1324/1326–1389/1390)
Hoyer, Anna Ovena	122335430	Hoyer, Anna Ovena	1584	1655-11-27	Weiblich	(1584–1655)
Bruckbräu, Friedrich Wilhelm	118889966	Bruckbräu, Friedrich Wilhelm	1792	1874	Männlich	(1792–1874)
Schlegel, Friedrich von	118607987	Schlegel, Friedrich von	1772-03-10	1829-01-12	Männlich	(1772–1829)
Otto, Ludwig	1225701074	Otto, Ludwig			Männlich	(1813–1865)
Zinzendorf, Nikolaus Ludwig von	11863707X	Zinzendorf, Nikolaus Ludwig von	1700-05-26	1760-05-09	Männlich	(1700–1760)
Blumenthal, Oscar	118659111	Blumenthal, Oscar	1852-03-13	1917-04-24	Männlich	(1852–1917)
Schönwerth, Franz Xaver von	118610236	Schönwerth, Franz Xaver von	1810-07-16	1886-05-24	Männlich	(1810–1886)
Ratschky, Joseph Franz	119101343	Ratschky, Joseph Franz	1757	1810	Männlich	(1757–1810)
Kolroß, Johannes	119732769	Kolroß, Johannes	1487	1558	Männlich	(vor 1490–1558 oder 1560)
Benedix, Roderich	118658166	Benedix, Roderich	1811-01-21	1873-09-26	Männlich	(1811–1873)
Soden, Julius von	118852027	Soden, Julius von	1754-12-04	1831-07-13	Männlich	(1754–1831)
Dauthendey, Max	118678973	Dauthendey, Max	1867-07-25	1918-08-29	Männlich	(1867–1918)
Sack, Gustav	118750607	Sack, Gustav	1885-10-28	1916-12-05	Männlich	(1885–1916)
Gerstenberg, Heinrich Wilhelm von	118690949	Gerstenberg, Heinrich Wilhelm von	1737-01-03	1823-11-01	Männlich	(1737–1823)
Schikaneder, Emanuel	11860757X	Schikaneder, Emanuel	1751-09-01	1812-09-21	Männlich	(1751–1812)
Byron, George Gordon Byron, Baron	118518208	Byron, George Gordon Byron, Baron	1788-01-22	1824-04-19	Männlich	(1788–1824)
Jacoby, Leopold	118711210	Jacoby, Leopold	1840-04-29	1895-12-20	Männlich	(1840–1895)
Glorez, Andreas	12484250X	Glorez, Andreas			Männlich	(ca. 1620–ca. 1700)
Glaßbrenner, Adolf	118539698	Glaßbrenner, Adolf	1810-03-27	1876-09-25	Männlich	(1810–1876)
Spindler, Karl	119164043	Spindler, Karl	1796-10-16	1855-07-12	Männlich	(1796–1855)
Müllner, Adolph	118737775	Müllner, Adolph	1774-10-18	1829-06-11	Männlich	(1774–1829)
Laurentius, von Schnüffis	118726765	Laurentius, von Schnüffis	1633	1702	Unbekannt	(1633–1702)
Goldoni, Carlo	118540505	Goldoni, Carlo	1707-02-25	1793-02-06	Männlich	(1707–1793)
